{
  "meta_title": "",
  "meta_description": "",
  "sections": [
    {
      "type": "banner-slider",
      "autoplay": 9000,
      "slides": [
        {
          "img": "/img/uploads/Copia-de-Copia-de-confiraa.png",
          "link": "/",
          "alt": "Primeira Compra",
          "start": "",
          "end": ""
        },
        {
          "img": "/img/uploads/confira-9.png",
          "alt": "Confira Promo",
          "start": "",
          "end": ""
        }
      ]
    },
    {
      "type": "banners-grid",
      "banners": [
        {
          "img": "/img/uploads/fretes-3.png",
          "mobile_img": "/img/uploads/fretes-movel-2.png",
          "alt": "Tarja Informações de Venda da loja",
          "link": ""
        }
      ]
    },
    {
      "type": "banners-grid",
      "banners": [
        {
          "img": "/img/uploads/mine-banner-ambar.png",
          "alt": "Ambar",
          "link": ""
        },
        {
          "img": "/img/uploads/mine-banner-mamadeiras-nuk.png",
          "alt": "Mamadeiras nuk",
          "link": ""
        },
        {
          "img": "/img/uploads/Mine-banner-skip-hop-lilica-baby.png",
          "alt": "Skip Hob",
          "link": ""
        }
      ]
    },
    {
      "type": "banners-grid",
      "banners": [
        {
          "img": "/img/uploads/2.png",
          "alt": "Ambar",
          "link": ""
        },
        {
          "img": "/img/uploads/3.png",
          "alt": "Mamadeiras nuk",
          "link": ""
        },
        {
          "img": "/img/uploads/4.png",
          "alt": "Skip Hob",
          "link": ""
        },
        {
          "img": "/img/uploads/5.png",
          "alt": "Ambar",
          "link": ""
        },
        {
          "img": "/img/uploads/6.png",
          "alt": "Mamadeiras nuk",
          "link": ""
        },
        {
          "img": "/img/uploads/7.png",
          "alt": "Skip Hob",
          "link": ""
        }
      ]
    },
    {
      "type": "banners-grid",
      "banners": [
        {
          "img": "/img/uploads/8.png",
          "alt": "Ambar",
          "link": ""
        },
        {
          "img": "/img/uploads/9.png",
          "alt": "Mamadeiras nuk",
          "link": ""
        },
        {
          "img": "/img/uploads/10.png",
          "alt": "Skip Hob",
          "link": ""
        },
        {
          "img": "/img/uploads/11.png",
          "alt": "Ambar",
          "link": ""
        },
        {
          "img": "/img/uploads/12.png",
          "alt": "Mamadeiras nuk",
          "link": ""
        },
        {
          "img": "/img/uploads/13.png",
          "alt": "Skip Hob",
          "link": ""
        }
      ]
    },
    {
      "type": "info-bar",
      "enabled": false
    },
    {
      "type": "collection-shelf",
      "shuffle": true,
      "collection_id": null,
      "limit": 12,
      "page": 1
    }
  ]
}
