{
  "assetsByChunkName": {
    "vendors~app-account~app-confirmation~app-order": [
      "chunk.c0f89d5e3e3e67cae9a4.js",
      "chunk.c0f89d5e3e3e67cae9a4.js.map"
    ],
    "vendors~app-account~app-checkout": [
      "chunk.8d1759efc793b4b8cdee.js",
      "chunk.8d1759efc793b4b8cdee.js.map"
    ],
    "vendors~app-cart~app-checkout": [
      "chunk.7fc3169523e295861218.js",
      "chunk.7fc3169523e295861218.js.map"
    ],
    "admin": [
      "admin.114156695411c100c061.js",
      "admin.114156695411c100c061.js.map"
    ],
    "app-account": [
      "chunk.23128c2fd9192586258f.js",
      "chunk.23128c2fd9192586258f.js.map"
    ],
    "app-cart": [
      "chunk.e8adfefd39fa98b76987.js",
      "chunk.e8adfefd39fa98b76987.js.map"
    ],
    "app-confirmation": [
      "chunk.d261b7146bf82e7f3c51.js",
      "chunk.d261b7146bf82e7f3c51.js.map"
    ],
    "app-order": [
      "chunk.be37571bff3a19d1232e.js",
      "chunk.be37571bff3a19d1232e.js.map"
    ],
    "checkout": [
      "checkout.dd4655a4672d435a6041.js",
      "checkout.dd4655a4672d435a6041.js.map"
    ],
    "storefront": [
      "storefront.5e755f2b5f7eca18ad5c.css",
      "storefront.f3c3cb3ea7fdcc27e963.js",
      "storefront.5e755f2b5f7eca18ad5c.css.map",
      "storefront.f3c3cb3ea7fdcc27e963.js.map"
    ],
    "vendors~app-checkout": [
      "chunk.cdb9137107c7beb1792f.js",
      "chunk.cdb9137107c7beb1792f.js.map"
    ]
  }
}